category,main_area
Monthly Programs,JW Broadcasting
Talks,JW Broadcasting
News and Announcements,JW Broadcasting
Video Lessons,Children
Songs,Children
Children - Dramas,Children
Spiritual Growth,Teenagers
Social Life,Teenagers
Goals,Teenagers
Interviews and Experiences,Teenagers
Teenagers - Dramas,Teenagers
Family Challenges,Family
Dating and Marriage,Family
Family Worship,Family
Family - Dramas,Family
Morning Worship,Programs and Events
Special Programs,Programs and Events
Gilead Graduations,Programs and Events
Annual Meetings,Programs and Events
2025 Pure Worship,Conventions
2024 Declare the Good News,Conventions
2023 Exercise Patience,Conventions
2022 Pursue Peace,Conventions
2021 Powerful by Faith,Conventions
2020 Always Rejoice,Conventions
2019 Love Never Fails,Conventions
2018 Be Corageous,Conventions
2017 Don't Give Up,Conventions
2016 Remain Loyal to Jehovah,Conventions
2015 Imitate Jesus,Conventions
2014 Keep Seeking First God's Kingdom,Conventions
Translation,Our Activities
Audio and Video Production,Our Activities
Publishing and Distribution,Our Activities
Construction,Our Activities
Relief Work,Our Activities
Theocratic Schools and Training,Our Activities
Special Events,Our Activities
Tools For the Ministry,Our Meetings and Ministry
Essential Bible Teachings,Our Meetings and Ministry
Improving Our Skills,Our Meetings and Ministry
Preaching Methods,Our Meetings and Ministry
Expanding Our Ministry,Our Meetings and Ministry
"""Meetings, Assemblies, and Conventions""",Our Meetings and Ministry
Reports from Around the World,Our Organization
Bethel,Our Organization
Organized to Accomplish Our Ministry,Our Organization
History,Our Organization
Legal Developments,Our Organization
Bloodless Medicine,Our Organization
Bible Teachings,The Bible
Bible Accounts,The Bible
"""People, Places, and Things""",The Bible
Bible Translations,The Bible
Apply Bible Principles,The Bible
Creation,The Bible
The Good News According to Jesus,Dramas
Bible Times,Dramas
Modern Day,Dramas
Extra Features,Dramas
Animated,Dramas
Become Jehovah's Friend - Songs,Series
Become Jehovah's Friend - Video Lessons,Series
Essential Bible Teachings,Series
For a Happy Marriage,Series
Imitate Their Faith,Series
Iron Sharpens Iron,Series
Learn From Jehovah's Friends,Series
Learn From Them,Series
Lessons From The Watchtower,Series
Love People - Make Disciples,Series
My Teen Life,Series
Neeta and Jade,Series
Organizational Accomplishments,Series
Our History in Motion,Series
Reasons for Faith,Series
The Good News According to Jesus,Series
Truth Transforms Lives,Series
Viewpoints on the Origin of Life,Series
Was it Designed?,Series
What Your Peers Say,Series
Where Are They Now?,Series
Whiteboard Animations,Series
Truth Transforms Lives,Interviews and Experiences
Blessings of Sacred Service,Interviews and Experiences
Enduring Trials,Interviews and Experiences
Young People,Interviews and Experiences
Science,Interviews and Experiences
From our Archives,Interviews and Experiences
